X,Y,BusStopID,CreateDate,LastEditDate
1557030.8905,5177249.6332,4641,,
1557032.1156,5177262.6688,4642,,
1557369.6163,5177769.0605,4643,,
1557385.0675,5177770.6024,4644,,
1557456.994,5177603.341,4645,,
1557495.7092,5177561.3819,4646,,
1557536.5367,5177843.2422,4647,,
1557700.8178,5177607.2355,4648,,
1557707.8544,5177625.0389,4649,,
1558456.8974,5178008.9179,4650,,
1558551.9625,5178071.4675,4651,,
1559805.4478,5178720.5966,4652,,
1559823.563,5178747.2601,4653,,
1560137.8574,5178902.8322,4654,,
1560166.4328,5178901.569,4655,,
1560174.2162,5178696.5817,4656,,
1560189.0567,5178639.3945,4657,,
1560351.165,5170891.4408,4658,,
1560359.8488,5170884.4618,4659,,
1560418.8255,5173757.7606,4660,,
1560427.6422,5173797.2736,4661,,
1560469.6761,5174352.5849,4662,,
1560483.7671,5174343.9494,4663,,
1560553.653,5172842.0667,4664,,
1560685.5347,5174665.2534,4665,,
1560741.1474,5174720.6888,4666,,
1560858.9835,5174918.2262,4667,,
1560864.0958,5174900.0082,4668,,
1560865.8574,5178767.6168,4669,,
1560877.6002,5178776.6368,4670,,
1560878.1228,5179057.3734,4671,,
1560881.2927,5179102.6832,4672,,
1561005.9753,5178620.7512,4673,,
1561005.961,5179404.2324,4674,,
1561007.7511,5178605.7013,4675,,
1561032.2949,5179431.751,4676,,
1561226.0044,5179631.1627,4677,,
1561234.6144,5179614.9195,4678,,
1561324.4331,5178697.9924,4679,,
1561336.6173,5178671.0965,4680,,
1561415.9459,5179821.7397,4681,,
1561417.6154,5175829.8261,4682,,
1561420.6431,5175808.8525,4683,,
1561422.0808,5178853.0754,4684,,
1561483.3276,5179844.2054,4685,,
1561529.523,5178727.7352,4686,,
1561579.9279,5178866.1079,4687,,
1561625.1257,5180110.6891,4688,,
1561630.9875,5180105.8469,4689,,
1561657.6387,5178491.2931,4690,,
1561687.4587,5178479.6461,4691,,
1561772.5549,5180204.6328,4692,,
1561780.4265,5180188.8179,4693,,
1561842.112,5178289.7094,4694,,
1561847.4982,5178760.9569,4695,,
1561850.7904,5178300.6984,4696,,
1561859.0884,5176568.0644,4697,,
1561886.8253,5179359.4188,4698,,
1561898.6249,5178741.8888,4699,,
1561939.307,5180149.1371,4700,,
1561939.5905,5179441.2933,4701,,
1561953.7119,5176825.812,4702,,
1561975.5985,5180147.4656,4703,,
1562044.6951,5178067.832,4704,,
1562078.1928,5178051.0619,4705,,
1562089.5874,5180086.6253,4706,,
1562121.6036,5179935.872,4707,,
1562132.5459,5178767.0119,4708,,
1562151.5702,5177408.1334,4709,,
1562153.7726,5177384.234,4710,,
1562168.8406,5179986.2605,4711,,
1562242.9983,5180022.9838,4712,,
1562245.5877,5180042.4898,4713,,
1562246.3042,5181077.5719,4714,,
1562252.8612,5177839.0496,4715,,
1562258.7828,5177853.3322,4716,,
1562260.1107,5181042.5094,4717,,
1562280.9998,5180270.8328,4718,,
1562294.1754,5180349.3612,4719,,
1562303.8912,5178803.2267,4720,,
1562379.978,5177786.4082,4721,,
1562402.7966,5181462.4572,4722,,
1562429.4413,5181462.8615,4723,,
1562492.5515,5177870.0127,4724,,
1562504.8675,5177900.8903,4725,,
1562525.4546,5177720.5283,4726,,
1562543.863,5179900.2884,4727,,
1562547.108,5177718.1501,4728,,
1562559.591,5179912.6817,4729,,
1562602.5584,5181582.6295,4730,,
1562639.4875,5178757.6108,4731,,
1562660.0229,5178013.6613,4732,,
1562676.3892,5178041.2625,4733,,
1562692.0911,5177538.4024,4734,,
1562693.9711,5177557.6711,4735,,
1562693.9865,5181556.2493,4736,,
1562777.9041,5179803.4095,4737,,
1562797.3138,5179810.5139,4738,,
1562802.2391,5178771.9191,4739,,
1562804.2681,5178113.6405,4740,,
1562850.2349,5181457.947,4741,,
1562877.0867,5178154.1924,4742,,
1562918.0369,5184910.7289,4743,,
1562922.2699,5181434.755,4744,,
1562989.5704,5179731.9215,4745,,
1562994.9748,5178342.8384,4746,,
1563006.721,5179710.5143,4747,,
1563023.9629,5178355.5481,4748,,
1563028.4456,5181095.1012,4749,,
1563029.601,5181062.8218,4750,,
1563042.2429,5178731.7839,4751,,
1563096.0292,5178752.9038,4752,,
1563097.8783,5181362.6533,4753,,
1563116.1467,5181309.0773,4754,,
1563159.1312,5177172.9855,4755,,
1563175.2038,5178590.5429,4756,,
1563178.7392,5177145.5383,4757,,
1563192.9756,5178250.1894,4758,,
1563210.37,5179626.5584,4759,,
1563210.425,5178615.9914,4760,,
1563231.8694,5178228.6341,4761,,
1563243.9857,5184674.2344,4762,,
1563271.3575,5179616.2189,4763,,
1563276.1414,5184615.403,4764,,
1563280.011,5179778.9279,4765,,
1563305.4344,5184832.41,4766,,
1563312.4535,5184862.0461,4767,,
1563323.514,5181750.7385,4768,,
1563332.3283,5182294.0343,4769,,
1563357.7421,5182148.5708,4770,,
1563370.0447,5182029.7906,4771,,
1563386.2197,5182025.103,4772,,
1563389.2702,5180854.7272,4773,,
1563399.8537,5179883.1582,4774,,
1563419.9193,5178824.4221,4775,,
1563467.0135,5180842.8444,4776,,
1563471.792,5178836.7768,4777,,
1563505.1647,5182351.749,4778,,
1563518.8474,5174773.3709,4779,,
1563543.4336,5182324.3688,4780,,
1563555.746,5181549.9129,4781,,
1563557.386,5177967.6341,4782,,
1563558.9783,5181561.9584,4783,,
1563559.8843,5179784.6382,4784,,
1563577.1754,5179863.7305,4785,,
1563582.9801,5177940.2294,4786,,
1563595.2478,5176854.4372,4787,,
1563628.8982,5176815.0813,4788,,
1563639.4681,5182436.8943,4789,,
1563643.4535,5177348.927,4790,,
1563655.5241,5177372.2044,4791,,
1563679.7671,5184281.3882,4792,,
1563681.3077,5184250.6214,4793,,
1563683.9909,5182517.7767,4794,,
1563705.5419,5179497.9531,4795,,
1563749.2217,5182579.7344,4796,,
1563777.1245,5175045.2084,4797,,
1563786.3216,5179517.8359,4798,,
1563793.9422,5175040.9677,4799,,
1563798.2436,5179133.0918,4800,,
1563809.1846,5181447.2389,4801,,
1563823.4001,5181644.228,4802,,
1563824.312,5179102.2681,4803,,
1563831.0726,5181630.2755,4804,,
1563879.3285,5177510.3519,4805,,
1563882.1998,5175215.7676,4806,,
1563889.0536,5177534.3937,4807,,
1563916.5349,5181449.6261,4808,,
1563925.7172,5182495.2547,4809,,
1563933.9315,5182504.0059,4810,,
1563939.5463,5175170.6179,4811,,
1563946.7856,5181767.8693,4812,,
1563957.258,5175339.7508,4813,,
1563961.253,5180640.014,4814,,
1563968.1205,5181993.2056,4815,,
1563975.4954,5181978.9848,4816,,
1563978.7065,5181741.641,4817,,
1564015.1848,5180592.0687,4818,,
1564041.2217,5179761.3533,4819,,
1564049.1805,5182155.4452,4820,,
1564058.5769,5182212.1812,4821,,
1564076.126,5175418.3875,4822,,
1564083.4962,5179862.7679,4823,,
1564118.3636,5183869.6154,4824,,
1564119.2227,5175980.1736,4825,,
1564120.3842,5183897.0361,4826,,
1564120.4537,5182360.4901,4827,,
1564128.4928,5182341.4859,4828,,
1564161.2013,5181350.3126,4829,,
1564170.6338,5175766.4414,4830,,
1564171.1624,5179354.3383,4831,,
1564175.4542,5176019.257,4832,,
1564175.3232,5182460.5602,4833,,
1564179.2775,5179377.9934,4834,,
1564181.3073,5180522.4427,4835,,
1564198.7834,5182406.9758,4836,,
1564201.7934,5174964.6231,4837,,
1564205.1136,5174953.7233,4838,,
1564215.7219,5175371.9537,4839,,
1564226.9408,5181682.9815,4840,,
1564235.5627,5181697.0323,4841,,
1564236.8094,5181339.5312,4842,,
1564241.3242,5180522.5956,4843,,
1564254.4148,5175789.245,4844,,
1564261.6063,5175362.247,4845,,
1564282.0867,5185890.2882,4846,,
1564283.7323,5183754.3582,4847,,
1564297.3635,5183711.6831,4848,,
1564298.0513,5185875.0465,4849,,
1564310.5346,5176124.12,4850,,
1564316.9717,5183888.0858,4851,,
1564317.9201,5182834.2072,4852,,
1564318.5553,5179825.2482,4853,,
1564322.9695,5179801.9597,4854,,
1564334.4869,5183969.9197,4855,,
1564342.6429,5182864.2249,4856,,
1564354.7262,5176119.3236,4857,,
1564356.1235,5179228.9444,4858,,
1564356.972,5184142.3837,4859,,
1564363.5314,5184143.4957,4860,,
1564394.4685,5174942.3249,4861,,
1564405.1126,5174943.4365,4862,,
1564417.6412,5183077.3491,4863,,
1564421.4121,5175597.3718,4864,,
1564424.4376,5183062.4917,4865,,
1564427.4243,5175704.7347,4866,,
1564428.9041,5179700.4885,4867,,
1564436.2511,5181672.2747,4868,,
1564454.8907,5182441.2748,4869,,
1564485.8538,5183731.572,4870,,
1564497.0231,5181681.3697,4871,,
1564498.1794,5183566.7999,4872,,
1564508.7915,5184462.7313,4873,,
1564512.3681,5183526.9148,4874,,
1564520.2603,5181218.7094,4875,,
1564523.9132,5181232.5115,4876,,
1564539.5621,5179621.986,4877,,
1564541.8953,5180372.8992,4878,,
1564556.0606,5183716.649,4879,,
1564562.7765,5176010.0288,4880,,
1564570.4637,5176019.3543,4881,,
1564571.3364,5179204.3605,4882,,
1564573.2351,5179227.3603,4883,,
1564575.1636,5179664.655,4884,,
1564582.8794,5184486.1223,4885,,
1564584.579,5174698.8816,4886,,
1564584.9103,5174709.5343,4887,,
1564602.0504,5184761.4325,4888,,
1564604.2185,5174502.304,4889,,
1564661.6748,5180348.8187,4890,,
1564681.6187,5183382.3261,4891,,
1564701.5422,5183925.7313,4892,,
1564719.0628,5184667.6338,4893,,
1564724.9933,5184069.9006,4894,,
1564738.1074,5174709.4192,4895,,
1564752.4917,5174711.6494,4896,,
1564773.75,5179791.7097,4897,,
1564784.8891,5184769.977,4898,,
1564792.8957,5179823.3738,4899,,
1564800.1191,5181694.158,4900,,
1564813.2507,5184425.9026,4901,,
1564817.6705,5184384.722,4902,,
1564821.3527,5183292.1656,4903,,
1564838.1155,5182471.6652,4904,,
1564852.685,5183236.9542,4905,,
1564865.3137,5181710.8139,4906,,
1564868.7076,5174388.1109,4907,,
1564878.8907,5179217.7364,4908,,
1564884.4169,5174712.4633,4909,,
1564884.5759,5184651.9512,4910,,
1564897.9705,5182464.3368,4911,,
1564906.9308,5173225.5595,4912,,
1564911.9721,5179891.6776,4913,,
1564918.2166,5180218.6319,4914,,
1564932.3688,5179195.9921,4915,,
1564939.6526,5173230.7618,4916,,
1564946.1802,5179934.204,4917,,
1564950.4812,5184245.7667,4918,,
1564952.7929,5174764.0207,4919,,
1564957.2447,5180226.6542,4920,,
1564973.9418,5175801.6676,4921,,
1564982.1378,5181304.0715,4922,,
1564984.6918,5176632.8156,4923,,
1564985.018,5184789.0906,4924,,
1564990.713,5184225.8629,4925,,
1564991.7852,5181295.2146,4926,,
1565000.3292,5183110.8474,4927,,
1565012.4207,5176627.6292,4928,,
1565025.231,5175765.4954,4929,,
1565040.1669,5183106.3233,4930,,
1565051.8918,5182542.448,4931,,
1565054.1907,5181679.9788,4932,,
1565081.3935,5174957.074,4933,,
1565097.7222,5181687.8126,4934,,
1565100.1991,5174950.7635,4935,,
1565100.8784,5181317.9496,4936,,
1565111.5539,5174552.7736,4937,,
1565119.3396,5174577.1368,4938,,
1565121.004,5173451.09,4939,,
1565125.5805,5183716.8259,4940,,
1565132.4,5179983.8066,4941,,
1565136.4256,5183720.8581,4942,,
1565146.6344,5183949.2305,4943,,
1565147.6204,5180146.4467,4944,,
1565152.6681,5183939.4439,4945,,
1565155.3868,5185687.0912,4946,,
1565162.8187,5173477.6737,4947,,
1565166.2646,5185701.0745,4948,,
1565172.8788,5174173.9904,4949,,
1565187.9064,5173198.0474,4950,,
1565192.2172,5184673.329,4951,,
1565210.1491,5179184.6639,4952,,
1565218.7023,5173235.3133,4953,,
1565221.6864,5175265.2462,4954,,
1565234.721,5175252.386,4955,,
1565259.2827,5184645.0661,4956,,
1565279.6294,5180073.4959,4957,,
1565279.9465,5173767.089,4958,,
1565280.4074,5174227.1471,4959,,
1565281.1103,5183685.1336,4960,,
1565282.0969,5173702.5615,4961,,
1565286.3445,5179206.826,4962,,
1565296.0375,5173479.6526,4963,,
1565296.293,5183680.5363,4964,,
1565319.1953,5174195.2949,4965,,
1565319.4517,5175631.5034,4966,,
1565329.3244,5174031.8406,4967,,
1565330.011,5181686.1377,4968,,
1565338.9558,5173981.8232,4969,,
1565341.8459,5180003.5704,4970,,
1565348.2483,5184548.4907,4971,,
1565362.2497,5182830.7803,4972,,
1565362.781,5181701.0666,4973,,
1565366.7473,5175523.5949,4974,,
1565376.6319,5182789.7283,4975,,
1565383.9736,5181288.0269,4976,,
1565390.8812,5183763.042,4977,,
1565412.1038,5175688.2569,4978,,
1565414.5,5181631.9749,4979,,
1565429.2842,5181274.7993,4980,,
1565434.0647,5181582.1644,4981,,
1565454.2216,5184518.4715,4982,,
1565463.9992,5180039.2947,4983,,
1565472.9385,5183746.5601,4984,,
1565507.3374,5180018.2378,4985,,
1565526.8525,5180728.7329,4986,,
1565533.9278,5185563.2187,4987,,
1565537.6604,5180562.5513,4988,,
1565537.8387,5179199.2911,4989,,
1565546.056,5179221.2569,4990,,
1565547.1686,5184347.7252,4991,,
1565552.3001,5184360.9233,4992,,
1565568.2069,5183609.81,4993,,
1565570.124,5180256.0652,4994,,
1565571.2599,5179819.7761,4995,,
1565577.9296,5181643.653,4996,,
1565586.8291,5179808.9718,4997,,
1565590.1908,5180211.3879,4998,,
1565616.6771,5176245.4865,4999,,
1565618.0232,5176063.0622,5000,,
1565621.0562,5183576.6619,5001,,
1565621.9021,5179365.6814,5002,,
1565625.3043,5176260.8239,5003,,
1565636.6871,5182569.3723,5004,,
1565640.7464,5179314.5783,5005,,
1565663.6017,5184223.9763,5006,,
1565671.0035,5184235.9642,5007,,
1565677.3656,5182565.7151,5008,,
1565686.5479,5181578.7707,5009,,
1565688.7598,5176132.1607,5010,,
1565713.8162,5183215.5868,5011,,
1565715.5668,5183202.0241,5012,,
1565716.1311,5181519.6925,5013,,
1565727.1067,5185435.4187,5014,,
1565773.0696,5180057.7903,5015,,
1565773.4777,5183431.7601,5016,,
1565800.1067,5183420.8671,5017,,
1565810.4018,5185414.7074,5018,,
1565837.896,5183095.5611,5019,,
1565849.413,5184023.2461,5020,,
1565854.5119,5179111.6473,5021,,
1565855.7022,5183092.9749,5022,,
1565863.6685,5181751.1398,5023,,
1565870.1254,5181776.8278,5024,,
1565871.9049,5182393.0272,5025,,
1565875.4723,5182370.1889,5026,,
1565896.9838,5179084.7639,5027,,
1565906.8865,5180087.091,5028,,
1565908.243,5183984.5175,5029,,
1565938.0155,5181354.5278,5030,,
1565972.7356,5180078.8285,5031,,
1565975.6991,5179266.8378,5032,,
1565978.3118,5182795.9633,5033,,
1565978.9707,5182825.5089,5034,,
1565981.0774,5180923.0387,5035,,
1566002.0935,5180826.2994,5036,,
1566005.1419,5182061.7731,5037,,
1566007.0517,5181236.2635,5038,,
1566021.2505,5180523.2648,5039,,
1566021.9452,5181254.1086,5040,,
1566031.4064,5179250.9935,5041,,
1566038.2914,5181411.6097,5042,,
1566047.0472,5182222.7238,5043,,
1566057.0037,5182234.2911,5044,,
1566057.5499,5180344.106,5045,,
1566057.6219,5180193.8178,5046,,
1566058.5822,5183002.8425,5047,,
1566064.6321,5183010.2475,5048,,
1566067.2037,5185243.9179,5049,,
1566082.2035,5183859.2868,5050,,
1566084.0166,5182131.8178,5051,,
1566091.6751,5185256.5355,5052,,
1566131.3456,5183863.8101,5053,,
1566138.0029,5180111.3379,5054,,
1566161.76,5181397.3277,5055,,
1566171.613,5183063.7624,5056,,
1566191.125,5183069.1692,5057,,
1566211.5326,5176764.4574,5058,,
1566213.9337,5178763.2861,5059,,
1566218.4329,5176630.6178,5060,,
1566222.319,5176644.7977,5061,,
1566224.1096,5176752.8259,5062,,
1566226.9231,5183796.8209,5063,,
1566275.1363,5179298.2784,5064,,
1566286.3029,5180114.7932,5065,,
1566302.8413,5178739.188,5066,,
1566320.7048,5176834.7752,5067,,
1566323.1345,5180132.3812,5068,,
1566342.671,5183749.0893,5069,,
1566366.7525,5176892.1586,5070,,
1566385.2969,5185064.829,5071,,
1566387.9455,5183016.102,5072,,
1566395.5487,5181924.6752,5073,,
1566407.4628,5185077.6116,5074,,
1566417.9058,5179290.897,5075,,
1566431.9532,5181913.3066,5076,,
1566433.9931,5183022.3291,5077,,
1566439.3208,5181232.2488,5078,,
1566447.3349,5183454.5119,5079,,
1566453.0511,5181238.881,5080,,
1566455.2301,5176941.002,5081,,
1566457.3776,5186068.4434,5082,,
1566467.0287,5186063.0495,5083,,
1566486.3589,5183535.6587,5084,,
1566486.9258,5176302.9081,5085,,
1566503.3437,5176301.3797,5086,,
1566509.3464,5177006.8765,5087,,
1566549.4919,5178738.4214,5088,,
1566549.5102,5178750.9714,5089,,
1566560.9609,5180102.9822,5090,,
1566579.5107,5180061.3153,5091,,
1566580.8528,5183607.0522,5092,,
1566595.5365,5183714.1545,5093,,
1566596.0665,5182951.146,5094,,
1566597.3369,5183577.8473,5095,,
1566626.8588,5180498.1667,5096,,
1566627.9072,5179525.3504,5097,,
1566631.4136,5183749.0613,5098,,
1566631.591,5180360.4406,5099,,
1566635.9102,5179573.3687,5100,,
1566647.5547,5184916.5902,5101,,
1566650.8671,5177125.6287,5102,,
1566658.293,5181718.9981,5103,,
1566662.3604,5176331.8248,5104,,
1566666.2994,5176351.7578,5105,,
1566673.6472,5184930.0244,5106,,
1566686.9499,5182782.1397,5107,,
1566688.6344,5177132.1911,5108,,
1566697.2229,5180174.5271,5109,,
1566717.9729,5180163.2793,5110,,
1566718.3997,5181128.3053,5111,,
1566722.0578,5183512.6505,5112,,
1566728.1497,5181638.8691,5113,,
1566731.5864,5185823.4048,5114,,
1566732.7878,5181109.8071,5115,,
1566737.6749,5180899.5366,5116,,
1566755.5068,5182708.701,5117,,
1566761.3902,5180924.8093,5118,,
1566763.2974,5182627.2873,5119,,
1566773.9716,5187666.5717,5120,,
1566780.8031,5187618.1831,5121,,
1566783.8364,5176534.6822,5122,,
1566783.9963,5176523.599,5123,,
1566805.021,5185796.835,5124,,
1566809.274,5182511.4555,5125,,
1566833.3922,5182374.2585,5126,,
1566865.7426,5182301.7618,5127,,
1566891.7796,5177297.0122,5128,,
1566900.0049,5181625.5346,5129,,
1566903.6814,5181106.8299,5130,,
1566903.9164,5182121.6197,5131,,
1566916.4404,5180184.3501,5132,,
1566922.0125,5181840.9017,5133,,
1566924.4401,5184761.0609,5134,,
1566926.4942,5182083.337,5135,,
1566927.0687,5184259.0127,5136,,
1566927.2578,5184284.702,5137,,
1566929.5571,5181784.2865,5138,,
1566930.5335,5183353.2731,5139,,
1566934.7803,5177359.6964,5140,,
1566946.4358,5184775.5624,5141,,
1566988.6762,5187755.7533,5142,,
1566988.7656,5187747.4242,5143,,
1567003.1009,5183314.9246,5144,,
1567020.8541,5181491.4666,5145,,
1567024.8826,5181512.166,5146,,
1567030.9904,5181118.6837,5147,,
1567035.1265,5184453.0661,5148,,
1567038.9942,5185649.9296,5149,,
1567039.7232,5181130.9321,5150,,
1567042.9955,5176644.3781,5151,,
1567048.6701,5176635.11,5152,,
1567069.4993,5180216.2988,5153,,
1567070.7765,5184542.278,5154,,
1567079.6466,5178601.9906,5155,,
1567121.9327,5185668.7712,5156,,
1567126.8649,5185650.7479,5157,,
1567127.6247,5178587.3433,5158,,
1567128.2508,5183201.4665,5159,,
1567169.4723,5177555.9281,5160,,
1567170.991,5177526.1487,5161,,
1567217.6159,5185839.0047,5162,,
1567220.6846,5184599.2397,5163,,
1567235.4777,5181036.465,5164,,
1567240.5005,5185852.8431,5165,,
1567247.5331,5183159.9006,5166,,
1567252.5681,5181036.9037,5167,,
1567253.4692,5184599.9768,5168,,
1567266.5595,5185583.0374,5169,,
1567267.2069,5185523.0457,5170,,
1567275.9472,5185571.655,5171,,
1567299.0644,5181480.0199,5172,,
1567324.2916,5185504.9758,5173,,
1567336.1058,5181456.4884,5174,,
1567337.1926,5179978.6563,5175,,
1567347.2394,5180838.1313,5176,,
1567359.3233,5179904.0305,5177,,
1567359.4944,5184520.9057,5178,,
1567361.0213,5180839.1311,5179,,
1567364.1819,5186101.2194,5180,,
1567376.9443,5183094.7924,5181,,
1567382.8512,5179559.7431,5182,,
1567383.3402,5180253.2132,5183,,
1567387.147,5186115.3798,5184,,
1567390.0503,5177712.2116,5185,,
1567392.9899,5179596.6869,5186,,
1567393.3153,5176933.3059,5187,,
1567395.357,5176920.3438,5188,,
1567398.6112,5183064.4335,5189,,
1567417.3575,5180240.3284,5190,,
1567456.1879,5186265.0899,5191,,
1567465.4147,5186255.3279,5192,,
1567466.9911,5180785.8577,5193,,
1567489.2287,5177811.9594,5194,,
1567513.0995,5184433.8221,5195,,
1567519.858,5185610.6298,5196,,
1567525.6439,5180799.4798,5197,,
1567526.4725,5185391.1286,5198,,
1567527.102,5185624.4585,5199,,
1567558.1582,5185358.9072,5200,,
1567564.0127,5182876.0962,5201,,
1567581.21,5181423.19,5202,,
1567596.8291,5182836.5945,5203,,
1567597.9669,5181439.3746,5204,,
1567597.9743,5184401.9792,5205,,
1567620.4976,5177105.3295,5206,,
1567630.2878,5177128.5553,5207,,
1567684.0249,5180664.1596,5208,,
1567691.0595,5177984.6348,5209,,
1567694.5402,5185650.7745,5210,,
1567699.0165,5177959.3732,5211,,
1567711.5051,5185641.0492,5212,,
1567725.0053,5180616.8222,5213,,
1567750.8495,5174610.9355,5214,,
1567756.9984,5180279.8381,5215,,
1567761.8782,5180290.1235,5216,,
1567763.3384,5181497.4325,5217,,
1567775.5507,5182622.6279,5218,,
1567784.8648,5181063.1312,5219,,
1567800.0494,5181061.5935,5220,,
1567818.8107,5185211.748,5221,,
1567826.7186,5185220.3819,5222,,
1567839.4117,5184215.6558,5223,,
1567843.2221,5181742.5159,5224,,
1567844.3986,5180109.2778,5225,,
1567860.3767,5184217.4218,5226,,
1567860.6189,5181740.1113,5227,,
1567865.2982,5180018.9405,5228,,
1567882.066,5179869.9208,5229,,
1567889.6984,5177014.1964,5230,,
1567894.1729,5179635.9167,5231,,
1567907.4295,5180553.7131,5232,,
1567911.2374,5179627.4909,5233,,
1567920.1886,5174786.9258,5234,,
1567920.4659,5185675.3772,5235,,
1567921.3185,5185662.7759,5236,,
1567936.0576,5174721.9858,5237,,
1567949.1895,5176977.4082,5238,,
1567952.1107,5180572.0626,5239,,
1567965.1594,5182543.9806,5240,,
1567982.1215,5184235.483,5241,,
1567986.4013,5178225.8421,5242,,
1567986.9499,5175058.3808,5243,,
1567995.6169,5179242.0881,5244,,
1568008.2274,5175010.6256,5245,,
1568017.2833,5174374.4264,5246,,
1568018.067,5184089.6204,5247,,
1568024.6623,5179133.4306,5248,,
1568031.3748,5181356.1541,5249,,
1568036.6574,5181373.7824,5250,,
1568042.0861,5178239.0237,5251,,
1568045.452,5174674.4732,5252,,
1568060.0739,5185010.6337,5253,,
1568070.13,5184070.4098,5254,,
1568071.4527,5182020.1674,5255,,
1568083.9221,5182008.7206,5256,,
1568092.0938,5175230.0395,5257,,
1568099.7816,5176827.3144,5258,,
1568103.1312,5184992.3796,5259,,
1568104.0958,5180332.4489,5260,,
1568106.1196,5180316.3657,5261,,
1568105.9827,5186116.3792,5262,,
1568107.5838,5175246.417,5263,,
1568109.0218,5186128.7213,5264,,
1568111.0559,5178889.5947,5265,,
1568117.5529,5176828.3872,5266,,
1568122.9306,5185650.7837,5267,,
1568128.028,5178895.095,5268,,
1568142.5278,5174547.9906,5269,,
1568145.9687,5185663.1871,5270,,
1568147.9023,5185398.0509,5271,,
1568159.8978,5185395.7642,5272,,
1568171.0546,5180582.9206,5273,,
1568175.1898,5180597.0671,5274,,
1568192.8816,5180041.5226,5275,,
1568195.8071,5186405.2274,5276,,
1568210.4896,5186474.8981,5277,,
1568212.0014,5186668.694,5278,,
1568213.1083,5179984.8104,5279,,
1568216.643,5183950.3804,5280,,
1568221.6526,5186671.7382,5281,,
1568227.9287,5176713.5504,5282,,
1568242.189,5179591.5798,5283,,
1568249.3747,5179655.9849,5284,,
1568250.2282,5184270.9154,5285,,
1568257.1445,5182380.0951,5286,,
1568261.4055,5182402.1275,5287,,
1568264.7589,5181338.668,5288,,
1568287.5056,5184843.3969,5289,,
1568291.2408,5176673.9119,5290,,
1568302.2012,5184849.6077,5291,,
1568314.9528,5178495.6801,5292,,
1568332.6754,5178622.8736,5293,,
1568332.9254,5181267.5549,5294,,
1568337.4196,5178639.5774,5295,,
1568338.0107,5184039.1457,5296,,
1568345.1673,5185335.3658,5297,,
1568348.5574,5185348.7534,5298,,
1568352.0911,5186878.7464,5299,,
1568357.9926,5184091.7158,5300,,
1568359.5395,5188138.1457,5301,,
1568362.1764,5178503.266,5302,,
1568373.7674,5186853.1378,5303,,
1568378.8811,5176494.6715,5304,,
1568391.2806,5183760.9783,5305,,
1568398.0813,5183776.1923,5306,,
1568410.5347,5188144.3377,5307,,
1568418.0436,5180591.3488,5308,,
1568431.4769,5180606.2719,5309,,
1568436.2987,5177416.3881,5310,,
1568436.6405,5177403.8286,5311,,
1568441.0976,5177182.4146,5312,,
1568450.4851,5184728.782,5313,,
1568456.437,5182062.5767,5314,,
1568470.741,5184228.1053,5315,,
1568472.4729,5184730.0956,5316,,
1568476.0028,5177162.4764,5317,,
1568478.9736,5176443.6205,5318,,
1568484.5905,5180360.454,5319,,
1568487.4188,5180374.2277,5320,,
1568492.6882,5182053.9728,5321,,
1568503.5528,5183595.5691,5322,,
1568507.166,5182120.9659,5323,,
1568509.9986,5184291.3936,5324,,
1568515.2828,5184319.8498,5325,,
1568530.7095,5184340.6903,5326,,
1568540.9736,5186823.7569,5327,,
1568544.0492,5175311.6601,5328,,
1568555.1679,5178668.1322,5329,,
1568556.6503,5182143.2319,5330,,
1568562.2479,5183534.8491,5331,,
1568570.9571,5175302.3792,5332,,
1568585.2212,5177524.5274,5333,,
1568585.6972,5176473.219,5334,,
1568586.2175,5177979.8958,5335,,
1568587.6832,5178713.3863,5336,,
1568596.7432,5181125.1236,5337,,
1568598.9225,5177548.2587,5338,,
1568604.1349,5180611.8005,5339,,
1568610.4548,5185320.9373,5340,,
1568612.4024,5180625.5219,5341,,
1568617.2729,5177965.1921,5342,,
1568627.447,5181949.417,5343,,
1568634.8238,5184459.3335,5344,,
1568637.6427,5181049.2821,5345,,
1568639.4938,5175762.3077,5346,,
1568640.2269,5175885.4011,5347,,
1568644.908,5184500.695,5348,,
1568654.1773,5183373.4849,5349,,
1568668.5711,5175703.8139,5350,,
1568669.1809,5181934.8627,5351,,
1568673.056,5176921.5727,5352,,
1568675.8109,5186835.5246,5353,,
1568679.8843,5176891.3735,5354,,
1568690.3563,5183345.3773,5355,,
1568694.2098,5176512.5308,5356,,
1568716.2579,5175918.0194,5357,,
1568733.4915,5177806.7716,5358,,
1568735.5308,5181787.1828,5359,,
1568764.8141,5185326.0976,5360,,
1568767.124,5183208.0189,5361,,
1568768.2846,5181753.317,5362,,
1568769.3958,5178844.3752,5363,,
1568769.6693,5177786.3713,5364,,
1568795.1009,5180917.6078,5365,,
1568803.8292,5175349.5009,5366,,
1568805.9283,5175337.416,5367,,
1568830.6259,5184740.5373,5368,,
1568830.8429,5178912.5524,5369,,
1568832.5596,5187707.7166,5370,,
1568842.9847,5183119.2111,5371,,
1568847.4889,5175400.0147,5372,,
1568851.6474,5181596.086,5373,,
1568853.9338,5181563.1226,5374,,
1568859.2741,5176544.5956,5375,,
1568860.2113,5187768.6386,5376,,
1568874.0751,5184827.321,5377,,
1568875.1855,5176542.5481,5378,,
1568875.2476,5188207.0055,5379,,
1568878.6024,5175391.0076,5380,,
1568898.6074,5176268.6227,5381,,
1568900.235,5186989.694,5382,,
1568908.5094,5176303.2755,5383,,
1568908.6291,5187011.1451,5384,,
1568923.1514,5182976.3359,5385,,
1568924.7029,5178970.5946,5386,,
1568930.736,5176039.3843,5387,,
1568947.2494,5185075.5566,5388,,
1568948.7364,5176021.9087,5389,,
1568950.7154,5181378.1318,5390,,
1568968.5776,5177521.434,5391,,
1568970.1563,5185040.8781,5392,,
1568976.1758,5185605.2696,5393,,
1568979.7731,5180130.4396,5394,,
1568980.6458,5185237.1255,5395,,
1568982.5561,5178078.4056,5396,,
1568985.5872,5182908.8215,5397,,
1568986.744,5178870.393,5398,,
1568989.481,5185859.4698,5399,,
1568992.066,5180093.102,5400,,
1568992.3255,5182425.5941,5401,,
1568999.9102,5185603.7463,5402,,
1569003.8937,5186115.7518,5403,,
1569013.0683,5185844.3965,5404,,
1569017.2865,5186372.5177,5405,,
1569021.2526,5178053.251,5406,,
1569027.6062,5186114.1173,5407,,
1569030.9827,5186626.8637,5408,,
1569032.125,5176734.3556,5409,,
1569038.6552,5182440.3565,5410,,
1569038.9261,5188101.7308,5411,,
1569043.0066,5186400.5787,5412,,
1569044.7042,5184858.0385,5413,,
1569045.0726,5177450.7408,5414,,
1569055.3222,5181184.5239,5415,,
1569055.3756,5186627.1424,5416,,
1569059.2592,5185989.5756,5417,,
1569062.2928,5178885.6235,5418,,
1569063.7646,5182768.412,5419,,
1569065.1496,5181196.8191,5420,,
1569067.5418,5179089.7006,5421,,
1569077.7192,5187163.7201,5422,,
1569078.7202,5176788.1576,5423,,
1569081.5923,5187100.6003,5424,,
1569090.2806,5186002.4123,5425,,
1569092.2493,5184853.0593,5426,,
1569096.9489,5176059.9761,5427,,
1569113.1768,5182719.7724,5428,,
1569122.3502,5187310.9792,5429,,
1569131.5889,5177325.7505,5430,,
1569173.5399,5182604.4351,5431,,
1569176.978,5175634.3218,5432,,
1569181.495,5187695.3059,5433,,
1569188.166,5175629.9085,5434,,
1569189.7317,5187687.8804,5435,,
1569192.7119,5177899.0088,5436,,
1569194.1843,5177882.6673,5437,,
1569194.5108,5177270.8418,5438,,
1569210.4993,5179164.6461,5439,,
1569217.04,5176165.7589,5440,,
1569248.6273,5182523.0159,5441,,
1569261.67,5177020.5501,5442,,
1569266.9133,5176949.6168,5443,,
1569272.3747,5177212.2803,5444,,
1569275.9339,5182451.9841,5445,,
1569290.8589,5185990.0027,5446,,
1569297.2451,5185976.4603,5447,,
1569312.2882,5179888.8087,5448,,
1569313.214,5179135.7735,5449,,
1569332.9032,5179898.8872,5450,,
1569332.8623,5184657.3721,5451,,
1569335.6036,5182393.6497,5452,,
1569338.5869,5184678.7217,5453,,
1569345.7744,5181153.7022,5454,,
1569356.3298,5177282.3551,5455,,
1569357.0587,5177301.3944,5456,,
1569368.7111,5175815.0086,5457,,
1569370.042,5182312.8766,5458,,
1569386.4507,5177014.4564,5459,,
1569390.1302,5181190.2212,5460,,
1569393.3059,5187985.06,5461,,
1569395.2146,5178047.7129,5462,,
1569404.6315,5177012.6623,5463,,
1569417.4017,5178083.8756,5464,,
1569439.7261,5179066.7147,5465,,
1569440.4167,5178808.2782,5466,,
1569442.2211,5178610.4973,5467,,
1569445.1737,5178233.0798,5468,,
1569452.2293,5178786.675,5469,,
1569452.2571,5179100.4232,5470,,
1569455.9463,5178612.3589,5471,,
1569457.3179,5178419.0629,5472,,
1569458.6364,5178219.6692,5473,,
1569461.0176,5188024.4825,5474,,
1569471.8558,5178067.7973,5475,,
1569476.5466,5179444.7568,5476,,
1569482.3544,5178073.7424,5477,,
1569486.5053,5188018.1565,5478,,
1569489.8775,5179816.8388,5479,,
1569493.4011,5179167.0359,5480,,
1569498.9608,5179444.4698,5481,,
1569513.2831,5179824.4861,5482,,
1569515.6584,5178891.2496,5483,,
1569518.3355,5185977.5646,5484,,
1569519.6754,5182052.5637,5485,,
1569521.0161,5182084.8996,5486,,
1569550.71,5181262.5068,5487,,
1569552.4582,5185962.9036,5488,,
1569560.8302,5176431.1314,5489,,
1569562.9375,5187130.2907,5490,,
1569571.2337,5176788.9749,5491,,
1569572.5353,5176808.2944,5492,,
1569577.2045,5187023.2158,5493,,
1569592.4706,5181263.8841,5494,,
1569595.2364,5176475.1789,5495,,
1569599.4948,5177912.7458,5496,,
1569600.8006,5178314.9939,5497,,
1569608.0202,5181884.3733,5498,,
1569610.9838,5182223.0886,5499,,
1569613.5621,5178283.3214,5500,,
1569615.5675,5178915.2471,5501,,
1569622.7741,5181890.8149,5502,,
1569636.4835,5188332.5663,5503,,
1569644.4357,5175655.4548,5504,,
1569650.4742,5177869.7179,5505,,
1569652.3627,5188430.0482,5506,,
1569660.0546,5175056.6686,5507,,
1569662.8267,5179135.9728,5508,,
1569668.6277,5175610.9617,5509,,
1569671.4129,5187956.087,5510,,
1569672.7658,5175154.4717,5511,,
1569676.149,5175965.9381,5512,,
1569681.9042,5175051.2254,5513,,
1569684.2915,5175361.0655,5514,,
1569687.7714,5175952.9964,5515,,
1569705.1019,5175342.7677,5516,,
1569716.1571,5181715.5823,5517,,
1569717.5443,5181678.5387,5518,,
1569722.6604,5177763.2026,5519,,
1569723.6742,5179167.6775,5520,,
1569724.8554,5182286.1959,5521,,
1569743.3939,5177756.388,5522,,
1569766.2943,5185951.2617,5523,,
1569773.271,5188686.8614,5524,,
1569780.1342,5178278.1532,5525,,
1569784.495,5185962.9825,5526,,
1569799.8242,5188688.8018,5527,,
1569804.3993,5181548.3773,5528,,
1569806.5295,5181514.9576,5529,,
1569818.1483,5174979.9158,5530,,
1569822.0035,5181166.3295,5531,,
1569833.7541,5177627.7632,5532,,
1569834.6353,5174999.8256,5533,,
1569840.9485,5186198.8715,5534,,
1569845.8073,5187008.6863,5535,,
1569847.6077,5179748.1405,5536,,
1569848.637,5178265.6667,5537,,
1569854.3534,5186187.248,5538,,
1569859.7923,5186524.317,5539,,
1569866.0468,5179674.1343,5540,,
1569868.4775,5186501.1554,5541,,
1569872.4933,5188897.3525,5542,,
1569872.9527,5186762.7992,5543,,
1569882.3113,5179136.9712,5544,,
1569886.2606,5176069.2717,5545,,
1569886.1208,5186815.2228,5546,,
1569888.4938,5188876.4004,5547,,
1569895.9938,5181342.6925,5548,,
1569897.4327,5176054.062,5549,,
1569899.1267,5187054.2483,5550,,
1569914.9511,5180238.1103,5551,,
1569933.9306,5178871.3219,5552,,
1569934.2404,5177628.9024,5553,,
1569934.2625,5177611.3325,5554,,
1569935.8817,5178677.2289,5555,,
1569936.571,5178362.5176,5556,,
1569941.4566,5180483.6069,5557,,
1569943.7967,5180771.7538,5558,,
1569948.8773,5178831.4511,5559,,
1569949.5403,5178715.7172,5560,,
1569952.4287,5178387.8217,5561,,
1569954.2929,5180267.5841,5562,,
1569960.878,5180790.3773,5563,,
1569995.033,5181289.3596,5564,,
1569997.6624,5181151.0673,5565,,
1570010.2851,5189202.3142,5566,,
1570019.9328,5183728.8493,5567,,
1570028.7104,5179168.8784,5568,,
1570036.7967,5189203.1651,5569,,
1570077.1951,5180998.3133,5570,,
1570078.2779,5183682.1638,5571,,
1570104.6618,5182515.1912,5572,,
1570116.5699,5179138.6168,5573,,
1570120.2792,5179539.9748,5574,,
1570124.1799,5177785.3914,5575,,
1570129.114,5177772.9633,5576,,
1570133.5806,5182501.3816,5577,,
1570141.3662,5189481.4995,5578,,
1570143.7894,5180220.6945,5579,,
1570145.7554,5183533.998,5580,,
1570162.9012,5189469.8337,5581,,
1570175.383,5176158.0679,5582,,
1570183.9388,5175042.9015,5583,,
1570190.3784,5180884.8232,5584,,
1570195.2831,5179724.0584,5585,,
1570199.2972,5176161.2061,5586,,
1570200.0413,5179170.3512,5587,,
1570204.8665,5175064.9403,5588,,
1570218.1542,5183451.39,5589,,
1570235.2151,5189677.2345,5590,,
1570254.2938,5182295.4216,5591,,
1570265.5202,5189688.0188,5592,,
1570273.6806,5182289.0991,5593,,
1570280.8743,5183332.1664,5594,,
1570292.2424,5182138.3275,5595,,
1570323.9116,5179139.5468,5596,,
1570337.3235,5183276.0968,5597,,
1570340.8997,5179171.2298,5598,,
1570341.4936,5180164.4955,5599,,
1570342.6221,5179928.8847,5600,,
1570342.7258,5189851.6159,5601,,
1570353.1292,5176196.2719,5602,,
1570383.2197,5174913.3085,5603,,
1570385.6235,5189991.3171,5604,,
1570394.2396,5181110.3111,5605,,
1570395.9076,5180946.2261,5606,,
1570395.9247,5180707.4233,5607,,
1570398.561,5180527.1387,5608,,
1570400.7802,5174924.4922,5609,,
1570407.0842,5183146.9742,5610,,
1570415.0996,5177973.3287,5611,,
1570422.4386,5180755.2406,5612,,
1570432.7566,5183134.6927,5613,,
1570460.0697,5190100.9259,5614,,
1570471.9707,5190171.8226,5615,,
1570533.3219,5190252.8532,5616,,
1570534.0324,5182983.5951,5617,,
1570537.8308,5179733.654,5618,,
1570537.9667,5179684.2324,5619,,
1570541.4458,5184307.6105,5620,,
1570551.578,5176154.7309,5621,,
1570551.8897,5179733.7156,5622,,
1570553.1605,5179683.4105,5623,,
1570553.5198,5182110.7784,5624,,
1570553.5825,5184342.6254,5625,,
1570554.9071,5177963.1146,5626,,
1570558.2101,5182921.0296,5627,,
1570564.7275,5179543.9908,5628,,
1570569.7857,5182095.2567,5629,,
1570571.0847,5179175.3515,5630,,
1570571.3707,5174572.9876,5631,,
1570576.335,5189790.8684,5632,,
1570581.129,5174586.5466,5633,,
1570584.4413,5179141.7696,5634,,
1570594.7823,5179681.0383,5635,,
1570595.8288,5190432.9418,5636,,
1570620.5102,5182040.4702,5637,,
1570620.852,5181893.7496,5638,,
1570622.8855,5181517.0742,5639,,
1570624.3112,5181344.2589,5640,,
1570625.3511,5181146.9197,5641,,
1570626.179,5180914.8841,5642,,
1570627.4591,5182840.6691,5643,,
1570633.8561,5182008.6874,5644,,
1570634.1565,5179327.67,5645,,
1570634.6056,5181820.3875,5646,,
1570636.4386,5181539.4232,5647,,
1570637.349,5181330.9219,5648,,
1570639.5169,5181073.215,5649,,
1570640.3643,5180940.2124,5650,,
1570640.5376,5178912.0074,5651,,
1570641.6592,5178670.1212,5652,,
1570644.8799,5178419.2703,5653,,
1570646.372,5176252.1694,5654,,
1570648.371,5178165.6884,5655,,
1570650.3943,5179315.1577,5656,,
1570653.4489,5178824.8142,5657,,
1570655.1342,5178581.3867,5658,,
1570655.5026,5177881.2361,5659,,
1570656.8542,5175915.9541,5660,,
1570658.0522,5178364.608,5661,,
1570658.5803,5177663.0141,5662,,
1570662.1724,5177349.2149,5663,,
1570665.3877,5177064.3231,5664,,
1570665.7251,5178120.7511,5665,,
1570667.1835,5176902.8254,5666,,
1570672.6492,5176722.0968,5667,,
1570672.7247,5177757.2004,5668,,
1570673.9437,5177553.8746,5669,,
1570677.5851,5177332.201,5670,,
1570680.2886,5177062.6334,5671,,
1570680.8615,5176905.5284,5672,,
1570682.8205,5176410.6358,5673,,
1570688.377,5176680.6617,5674,,
1570697.034,5176436.5863,5675,,
1570702.3803,5182701.093,5676,,
1570717.7967,5184036.4937,5677,,
1570723.9487,5184010.6546,5678,,
1570736.0731,5182674.9294,5679,,
1570742.1728,5175887.6059,5680,,
1570743.1727,5182150.3106,5681,,
1570757.2406,5182417.1947,5682,,
1570766.6193,5182200.934,5683,,
1570770.8641,5182459.2125,5684,,
1570869.2999,5180918.4074,5685,,
1570872.4854,5180427.5327,5686,,
1570872.9674,5183776.5977,5687,,
1570882.1882,5181194.9488,5688,,
1570884.5785,5180855.7132,5689,,
1570885.9053,5180683.7081,5690,,
1570887.7777,5183773.1189,5691,,
1570888.0761,5180313.0632,5692,,
1570902.4646,5183672.8951,5693,,
1570919.6274,5183663.7624,5694,,
1570921.4307,5181294.518,5695,,
1570924.4752,5179548.2001,5696,,
1570940.0865,5175793.5302,5697,,
1570968.6133,5179144.5732,5698,,
1571015.1705,5175754.0836,5699,,
1571015.1956,5178311.8273,5700,,
1571019.4689,5178338.0673,5701,,
1571021.4664,5180276.7341,5702,,
1571025.9955,5183489.6012,5703,,
1571027.8125,5179177.6916,5704,,
1571031.3911,5180289.4489,5705,,
1571032.0411,5182098.8961,5706,,
1571032.0211,5183800.729,5707,,
1571043.9723,5182111.7972,5708,,
1571054.0418,5183464.8555,5709,,
1571072.7646,5181264.0626,5710,,
1571085.6612,5183820.2064,5711,,
1571133.3166,5183250.3056,5712,,
1571134.6229,5183234.1408,5713,,
1571148.1131,5181295.6277,5714,,
1571186.7786,5179176.2428,5715,,
1571198.4172,5179684.2076,5716,,
1571202.5361,5183079.6805,5717,,
1571217.3167,5183078.9441,5718,,
1571218.5869,5175760.9118,5719,,
1571252.226,5178314.023,5720,,
1571254.4048,5179511.8143,5721,,
1571269.7702,5183962.0968,5722,,
1571270.629,5180275.4713,5723,,
1571271.4039,5178340.4377,5724,,
1571284.9862,5175820.081,5725,,
1571294.8862,5180290.7903,5726,,
1571296.731,5180048.0193,5727,,
1571298.6655,5196184.556,5728,,
1571306.1578,5179146.0008,5729,,
1571307.6631,5194282.3906,5730,,
1571314.1607,5180034.6553,5731,,
1571318.7052,5194298.2856,5732,,
1571327.8704,5182100.9633,5733,,
1571328.4775,5182889.6833,5734,,
1571332.4472,5179549.5196,5735,,
1571336.716,5182900.8023,5736,,
1571371.7596,5182592.9479,5737,,
1571374.1006,5181338.4412,5738,,
1571374.4243,5182331.4676,5739,,
1571375.3255,5182172.8883,5740,,
1571375.4736,5184017.2555,5741,,
1571375.8539,5194046.8811,5742,,
1571376.7701,5181882.8379,5743,,
1571379.6348,5181555.366,5744,,
1571385.3385,5182610.3089,5745,,
1571388.2491,5182330.8267,5746,,
1571389.7833,5182144.9737,5747,,
1571391.3051,5181872.7266,5748,,
1571393.559,5181506.2809,5749,,
1571394.4781,5181364.3273,5750,,
1571398.2065,5196154.9481,5751,,
1571403.5626,5194031.5059,5752,,
1571413.5198,5178315.0445,5753,,
1571436.8895,5176055.4354,5754,,
1571455.3081,5178714.4311,5755,,
1571455.8204,5184088.4642,5756,,
1571457.8501,5178266.3439,5757,,
1571459.9169,5177990.9211,5758,,
1571462.8815,5179457.3944,5759,,
1571475.1405,5178174.2811,5760,,
1571476.4175,5177987.7038,5761,,
1571480.9548,5176107.4218,5762,,
1571481.4345,5178514.6433,5763,,
1571516.6646,5184112.5221,5764,,
1571537.6243,5194813.8557,5765,,
1571554.7773,5193629.6137,5766,,
1571559.7247,5176349.3479,5767,,
1571562.9751,5194830.2215,5768,,
1571573.3753,5178337.1576,5769,,
1571577.2007,5177805.391,5770,,
1571577.6421,5176353.8774,5771,,
1571599.4844,5193549.3735,5772,,
1571611.1641,5180292.0446,5773,,
1571620.133,5191023.6879,5774,,
1571621.9793,5179389.899,5775,,
1571627.664,5180278.8203,5776,,
1571633.6015,5177772.1889,5777,,
1571637.004,5191107.3973,5778,,
1571656.3785,5177192.7011,5779,,
1571672.0814,5177207.6717,5780,,
1571672.068,5183899.8539,5781,,
1571683.6259,5183906.4884,5782,,
1571684.3633,5178285.2388,5783,,
1571699.476,5179551.5639,5784,,
1571709.3676,5182706.9025,5785,,
1571722.8486,5180037.9419,5786,,
1571731.9534,5196048.349,5787,,
1571736.536,5184136.9938,5788,,
1571742.3875,5181066.3013,5789,,
1571744.308,5180470.9135,5790,,
1571747.571,5181346.34,5791,,
1571757.634,5195194.8536,5792,,
1571758.5162,5176715.1347,5793,,
1571765.885,5184086.9623,5794,,
1571767.4096,5192074.044,5795,,
1571770.802,5192122.2465,5796,,
1571772.4304,5176719.2692,5797,,
1571773.511,5181100.5943,5798,,
1571773.9355,5181513.5302,5799,,
1571774.3665,5182691.6271,5800,,
1571774.7051,5180521.6737,5801,,
1571783.4525,5180763.3339,5802,,
1571795.3892,5195359.6883,5803,,
1571804.4504,5177602.8625,5804,,
1571808.8457,5177623.7605,5805,,
1571810.8266,5180170.9624,5806,,
1571825.7323,5183474.6057,5807,,
1571828.9778,5177039.552,5808,,
1571832.4162,5183019.3426,5809,,
1571835.4048,5182502.4696,5810,,
1571836.71,5181555.7409,5811,,
1571837.2931,5182053.4273,5812,,
1571838.3577,5195443.9718,5813,,
1571840.9398,5183499.558,5814,,
1571841.2069,5181780.8126,5815,,
1571847.3197,5183043.2829,5816,,
1571850.7707,5182328.7134,5817,,
1571852.9814,5181937.6014,5818,,
1571854.1227,5181753.7457,5819,,
1571857.5337,5195545.5143,5820,,
1571870.7384,5179662.4108,5821,,
1571878.8308,5177083.0526,5822,,
1571878.8914,5192582.758,5823,,
1571894.6411,5192607.001,5824,,
1571897.935,5178219.4768,5825,,
1571901.5743,5178243.6145,5826,,
1571912.0372,5195664.862,5827,,
1571914.4917,5195715.3813,5828,,
1571940.7734,5176193.5773,5829,,
1571951.2446,5184017.3475,5830,,
1571955.3048,5179555.2796,5831,,
1571960.0098,5176141.3367,5832,,
1571962.7161,5182708.0631,5833,,
1571969.4541,5182695.3748,5834,,
1571977.26,5177507.4735,5835,,
1571980.2388,5176065.9771,5836,,
1571982.8068,5177494.458,5837,,
1571983.1449,5176459.0799,5838,,
1571983.8843,5180159.7136,5839,,
1571985.0545,5177255.7525,5840,,
1571993.4005,5176083.7463,5841,,
1571995.2355,5176466.6269,5842,,
1572015.9291,5177231.4367,5843,,
1572019.0784,5196029.5318,5844,,
1572028.3918,5180171.2715,5845,,
1572031.2074,5196020.7085,5846,,
1572063.2611,5176446.8749,5847,,
1572086.2685,5175777.0816,5848,,
1572088.1081,5183966.8623,5849,,
1572091.3219,5176418.5044,5850,,
1572094.1803,5196211.0667,5851,,
1572101.1364,5196274.2095,5852,,
1572103.5382,5175608.7843,5853,,
1572105.306,5179667.8864,5854,,
1572106.2175,5177039.7875,5855,,
1572106.8252,5182956.5707,5856,,
1572114.2576,5182967.441,5857,,
1572128.2181,5177030.1165,5858,,
1572135.4284,5183902.7324,5859,,
1572150.4239,5183153.1501,5860,,
1572151.3243,5196425.111,5861,,
1572154.2851,5176573.5408,5862,,
1572157.1334,5176330.7282,5863,,
1572158.161,5183145.1636,5864,,
1572161.5019,5196410.3822,5865,,
1572171.2721,5179655.6656,5866,,
1572172.876,5176291.089,5867,,
1572181.8273,5182731.6179,5868,,
1572189.427,5183535.125,5869,,
1572191.0458,5176609.0773,5870,,
1572194.7246,5183452.4293,5871,,
1572195.6175,5180159.3933,5872,,
1572222.4057,5181377.5383,5873,,
1572226.417,5183622.4377,5874,,
1572232.0168,5182710.3573,5875,,
1572232.4817,5181599.2343,5876,,
1572233.5353,5183725.3642,5877,,
1572235.0728,5181396.4598,5878,,
1572237.2969,5181233.6099,5879,,
1572237.9547,5181058.6258,5880,,
1572238.8752,5176626.1121,5881,,
1572239.5946,5197137.6652,5882,,
1572244.8389,5197150.7138,5883,,
1572258.6807,5180281.9094,5884,,
1572265.493,5196648.1736,5885,,
1572273.971,5178115.7869,5886,,
1572278.9213,5180952.4655,5887,,
1572279.4025,5181657.1349,5888,,
1572279.4956,5180719.0853,5889,,
1572282.4209,5180548.5861,5890,,
1572282.4555,5180236.4282,5891,,
1572294.5282,5180704.9426,5892,,
1572296.7638,5180464.4501,5893,,
1572299.6848,5176693.6775,5894,,
1572304.4854,5176712.4444,5895,,
1572311.3821,5177693.9981,5896,,
1572317.684,5177732.8399,5897,,
1572317.9878,5182697.8731,5898,,
1572318.4814,5180296.5605,5899,,
1572354.1218,5182980.9363,5900,,
1572360.025,5178084.5668,5901,,
1572364.7881,5181640.2386,5902,,
1572377.0863,5196756.0791,5903,,
1572392.7761,5181656.1685,5904,,
1572406.4432,5176591.9407,5905,,
1572418.4366,5176601.6857,5906,,
1572418.8155,5187728.7378,5907,,
1572422.8704,5179135.7944,5908,,
1572427.5575,5187747.2094,5909,,
1572432.7295,5177955.8794,5910,,
1572435.0688,5179671.8792,5911,,
1572436.7188,5179659.6359,5912,,
1572437.2917,5177936.6401,5913,,
1572442.9613,5182714.9564,5914,,
1572456.6352,5179109.7447,5915,,
1572510.6647,5181946.5633,5916,,
1572516.7472,5176546.5693,5917,,
1572516.701,5181871.7445,5918,,
1572538.7148,5185289.7171,5919,,
1572539.1861,5196878.7811,5920,,
1572546.5473,5196867.3499,5921,,
1572553.9503,5185291.6117,5922,,
1572560.6118,5177969.0528,5923,,
1572562.9346,5176524.7792,5924,,
1572570.4027,5182091.3411,5925,,
1572602.0756,5184409.0047,5926,,
1572618.2942,5180884.2657,5927,,
1572621.2833,5180795.2074,5928,,
1572623.7289,5197003.2977,5929,,
1572632.449,5184087.8654,5930,,
1572632.9679,5184336.0641,5931,,
1572636.1533,5179030.6699,5932,,
1572637.5009,5197001.0768,5933,,
1572640.8254,5182702.0369,5934,,
1572641.2979,5182263.8954,5935,,
1572644.6791,5178365.3946,5936,,
1572646.3907,5184103.0817,5937,,
1572650.6799,5182298.2733,5938,,
1572652.41,5180281.2238,5939,,
1572653.9943,5180295.0128,5940,,
1572655.7348,5180808.7859,5941,,
1572660.0202,5183751.3548,5942,,
1572665.9581,5183840.0047,5943,,
1572670.4183,5178362.9672,5944,,
1572672.4171,5197443.2162,5945,,
1572680.3063,5177919.9631,5946,,
1572680.4656,5183498.6653,5947,,
1572686.2975,5197634.9132,5948,,
1572688.7513,5197414.596,5949,,
1572692.8895,5197607.4531,5950,,
1572698.5905,5183440.9877,5951,,
1572701.2371,5183207.1171,5952,,
1572714.7572,5183240.1679,5953,,
1572714.8169,5183046.0241,5954,,
1572727.9636,5182863.9943,5955,,
1572734.2572,5183022.4582,5956,,
1572737.4941,5184238.8778,5957,,
1572741.3341,5177852.1973,5958,,
1572744.85,5182630.6699,5959,,
1572745.0919,5198713.4179,5960,,
1572747.3383,5197838.6613,5961,,
1572748.2648,5198754.4553,5962,,
1572749.7872,5176601.195,5963,,
1572752.0881,5182795.457,5964,,
1572753.846,5178985.6688,5965,,
1572754.4494,5200204.1428,5966,,
1572756.2168,5197820.7946,5967,,
1572759.9902,5200325.5504,5968,,
1572762.5467,5182654.0865,5969,,
1572769.8474,5184295.8825,5970,,
1572770.2509,5179664.494,5971,,
1572771.3711,5198073.1671,5972,,
1572776.7733,5176628.1813,5973,,
1572780.9971,5179676.4432,5974,,
1572784.9689,5198064.4261,5975,,
1572804.0551,5199799.4728,5976,,
1572804.3107,5178621.6382,5977,,
1572804.9006,5178661.5114,5978,,
1572816.9952,5199545.9147,5979,,
1572820.5499,5199187.7474,5980,,
1572821.564,5199504.009,5981,,
1572828.5148,5199149.5868,5982,,
1572834.8722,5199747.6108,5983,,
1572848.5234,5180796.0178,5984,,
1572859.0355,5182720.9792,5985,,
1572919.8268,5180809.2995,5986,,
1572923.614,5177712.0648,5987,,
1572933.5285,5178874.1125,5988,,
1572951.4891,5184198.5491,5989,,
1572963.1101,5179595.8041,5990,,
1572963.5558,5184203.7286,5991,,
1572976.8662,5179572.6256,5992,,
1572986.1301,5182719.5806,5993,,
1573003.1282,5180282.0195,5994,,
1573013.102,5177614.1804,5995,,
1573043.8748,5178836.6511,5996,,
1573054.1103,5178965.667,5997,,
1573056.3639,5180295.938,5998,,
1573075.6442,5179063.6311,5999,,
1573164.4292,5182778.0454,6000,,
1573168.1479,5179470.8719,6001,,
1573169.1425,5182834.6382,6002,,
1573174.112,5179262.0573,6003,,
1573175.3745,5178751.5384,6004,,
1573197.0773,5179261.105,6005,,
1573209.2615,5178750.3409,6006,,
1573242.3387,5177472.0177,6007,,
1573284.2417,5179475.4104,6008,,
1573345.5508,5177504.1472,6009,,
1573348.8164,5180799.4635,6010,,
1573358.2156,5179557.7001,6011,,
1573364.2304,5178653.901,6012,,
1573390.3751,5176624.6993,6013,,
1573401.8524,5180814.0003,6014,,
1573434.8934,5179716.7647,6015,,
1573454.623,5177353.614,6016,,
1573474.0967,5178613.6986,6017,,
1573495.2643,5182747.5938,6018,,
1573515.9916,5179927.8776,6019,,
1573523.6305,5179783.4957,6020,,
1573526.4232,5179946.3104,6021,,
1573538.5691,5177160.5881,6022,,
1573559.0804,5182760.7835,6023,,
1573573.7954,5186584.7922,6024,,
1573587.6017,5177105.5949,6025,,
1573614.6869,5182455.8421,6026,,
1573630.515,5180802.4623,6027,,
1573632.0498,5182435.1531,6028,,
1573648.1918,5182973.7796,6029,,
1573650.8562,5182149.1472,6030,,
1573666.7068,5177791.2182,6031,,
1573678.7662,5177789.2663,6032,,
1573695.5771,5177390.8457,6033,,
1573708.0631,5177403.5111,6034,,
1573730.2913,5180054.4835,6035,,
1573739.4061,5178489.3644,6036,,
1573749.9537,5180039.2118,6037,,
1573761.2536,5176751.6912,6038,,
1573764.7498,5183024.1344,6039,,
1573774.0618,5179884.7763,6040,,
1573777.4329,5176651.8106,6041,,
1573788.0722,5179739.8748,6042,,
1573791.2174,5178026.4766,6043,,
1573792.8683,5179676.5113,6044,,
1573805.7391,5178024.9784,6045,,
1573811.4929,5176694.6132,6046,,
1573832.4434,5178477.3552,6047,,
1573838.0089,5184214.8254,6048,,
1573845.6625,5184194.8311,6049,,
1573864.4484,5180204.1051,6050,,
1573897.6313,5176547.8482,6051,,
1573912.8032,5180220.4411,6052,,
1573923.384,5180804.9262,6053,,
1573935.7697,5180818.1571,6054,,
1573954.072,5177364.8654,6055,,
1573958.3553,5177349.6444,6056,,
1573982.7238,5183019.7499,6057,,
1573989.1005,5183007.5691,6058,,
1573990.3454,5178262.0108,6059,,
1574000.4606,5178255.3975,6060,,
1574031.5141,5176828.2745,6061,,
1574033.1132,5178380.5892,6062,,
1574035.158,5184037.3714,6063,,
1574035.2181,5186424.6956,6064,,
1574045.8757,5176831.995,6065,,
1574076.7183,5180391.6307,6066,,
1574079.2475,5186183.3779,6067,,
1574081.846,5177158.9863,6068,,
1574094.4527,5177178.1374,6069,,
1574095.0298,5186176.2308,6070,,
1574097.1855,5180454.8696,6071,,
1574134.146,5172066.5914,6072,,
1574157.5946,5178312.5226,6073,,
1574172.4959,5179345.2326,6074,,
1574180.9602,5176231.7756,6075,,
1574191.1508,5176238.323,6076,,
1574205.3955,5185726.0533,6077,,
1574207.1722,5185473.3667,6078,,
1574212.7082,5178551.3704,6079,,
1574218.1311,5185709.5876,6080,,
1574221.64,5185452.1209,6081,,
1574227.8944,5179358.4504,6082,,
1574231.7579,5178559.6287,6083,,
1574239.5646,5181179.3408,6084,,
1574243.1369,5180767.9096,6085,,
1574254.7161,5181126.9895,6086,,
1574256.8623,5180756.4119,6087,,
1574269.4405,5185276.5965,6088,,
1574273.4963,5185294.4704,6089,,
1574274.3437,5178208.3626,6090,,
1574284.0932,5180596.5116,6091,,
1574284.8002,5178218.0094,6092,,
1574293.8269,5183164.635,6093,,
1574300.6161,5183694.1718,6094,,
1574306.8791,5183703.3138,6095,,
1574315.4278,5180665.0667,6096,,
1574322.4575,5185121.4157,6097,,
1574342.2615,5183269.7937,6098,,
1574351.7283,5185060.3557,6099,,
1574352.2528,5181351.515,6100,,
1574359.5374,5183278.2556,6101,,
1574369.5464,5184048.5264,6102,,
1574372.4561,5176012.5307,6103,,
1574372.7235,5184921.4447,6104,,
1574372.8324,5185576.918,6105,,
1574384.1125,5181363.9752,6106,,
1574392.7556,5184068.4833,6107,,
1574403.5291,5184851.9386,6108,,
1574409.0258,5178826.4297,6109,,
1574414.4477,5185608.8281,6110,,
1574422.5528,5180764.1078,6111,,
1574425.5216,5178830.9682,6112,,
1574432.9788,5180740.3583,6113,,
1574441.7829,5184649.9667,6114,,
1574452.7073,5184326.0363,6115,,
1574454.346,5184652.691,6116,,
1574464.5754,5175871.6454,6117,,
1574464.6831,5184327.8254,6118,,
1574505.4985,5180188.5419,6119,,
1574525.0988,5180197.8232,6120,,
1574525.1484,5179106.1549,6121,,
1574525.3867,5179056.0897,6122,,
1574530.9245,5178025.8569,6123,,
1574536.3267,5178034.8733,6124,,
1574538.4074,5181542.1685,6125,,
1574539.6011,5181523.5927,6126,,
1574546.8537,5183590.7227,6127,,
1574572.1316,5179961.6648,6128,,
1574574.0629,5179974.4441,6129,,
1574604.9421,5185665.079,6130,,
1574642.5929,5183592.2947,6131,,
1574645.0725,5175801.3504,6132,,
1574651.3315,5185694.5734,6133,,
1574659.8723,5178271.7998,6134,,
1574662.6614,5181702.9752,6135,,
1574679.7358,5177916.2251,6136,,
1574679.8918,5181705.3724,6137,,
1574685.9003,5175777.8596,6138,,
1574692.1968,5178335.1151,6139,,
1574774.1197,5183715.3323,6140,,
1574778.0478,5177862.9193,6141,,
1574780.9777,5183658.6621,6142,,
1574789.9717,5180996.3119,6143,,
1574794.9524,5180971.9196,6144,,
1574801.5953,5183971.2501,6145,,
1574812.4144,5183942.7927,6146,,
1574832.7186,5181966.926,6147,,
1574838.1867,5181948.4994,6148,,
1574852.2981,5178557.5932,6149,,
1574864.9696,5177783.5147,6150,,
1574874.3018,5178568.9704,6151,,
1574901.0225,5178807.6394,6152,,
1574912.6128,5178821.3432,6153,,
1574947.3174,5177740.9418,6154,,
1574972.1984,5182132.3038,6155,,
1574997.1988,5184307.6238,6156,,
1574998.8839,5184339.382,6157,,
1575017.3329,5172277.5036,6158,,
1575040.8472,5180104.9458,6159,,
1575040.8035,5182230.7246,6160,,
1575060.0872,5179296.9422,6161,,
1575086.6832,5179292.9316,6162,,
1575088.0958,5180088.9063,6163,,
1575105.1034,5182252.4308,6164,,
1575112.1819,5185882.3168,6165,,
1575127.1145,5177592.5776,6166,,
1575146.5699,5185864.5411,6167,,
1575147.1862,5178632.0016,6168,,
1575158.902,5181139.0535,6169,,
1575160.8531,5178643.4692,6170,,
1575166.6643,5177585.1386,6171,,
1575224.7395,5181185.9638,6172,,
1575242.4221,5172183.6917,6173,,
1575291.3304,5179689.2842,6174,,
1575295.5964,5191090.138,6175,,
1575312.1438,5177473.3037,6176,,
1575312.672,5186376.9128,6177,,
1575313.1926,5179720.5724,6178,,
1575323.8303,5182414.5845,6179,,
1575329.9762,5186349.2669,6180,,
1575339.624,5186482.0735,6181,,
1575341.9294,5175622.5394,6182,,
1575343.2691,5177894.6822,6183,,
1575347.3635,5178167.8619,6184,,
1575347.9339,5186145.2615,6185,,
1575348.8577,5175596.1323,6186,,
1575352.5963,5177424.3301,6187,,
1575362.246,5177867.5975,6188,,
1575378.3653,5185820.7135,6189,,
1575379.5536,5178205.5517,6190,,
1575380.6274,5186593.4603,6191,,
1575391.5024,5185784.3341,6192,,
1575397.2772,5186074.1531,6193,,
1575493.6861,5177670.346,6194,,
1575496.4503,5186753.2524,6195,,
1575501.2702,5177699.2939,6196,,
1575521.6715,5185976.1302,6197,,
1575528.1642,5175506.6735,6198,,
1575546.4204,5184375.0224,6199,,
1575556.6588,5181397.5485,6200,,
1575580.0023,5185963.7146,6201,,
1575580.0864,5184386.6615,6202,,
1575595.4972,5182636.8845,6203,,
1575598.1176,5186718.3269,6204,,
1575612.1231,5175505.2577,6205,,
1575655.8744,5177299.8488,6206,,
1575658.0064,5177313.306,6207,,
1575658.3911,5185579.5114,6208,,
1575659.1355,5181507.3698,6209,,
1575659.6622,5185706.6233,6210,,
1575667.1278,5182720.7386,6211,,
1575673.8018,5185587.0414,6212,,
1575691.6269,5186552.2653,6213,,
1575694.2005,5185749.6169,6214,,
1575698.2134,5186562.6842,6215,,
1575762.7573,5175431.7589,6216,,
1575811.9242,5185864.5095,6217,,
1575824.5477,5175408.5923,6218,,
1575837.0097,5181638.5955,6219,,
1575846.7992,5171875.8566,6220,,
1575848.3363,5182857.7174,6221,,
1575853.0161,5182880.4015,6222,,
1575861.3374,5185291.5214,6223,,
1575874.0382,5185263.058,6224,,
1575876.4421,5171541.6455,6225,,
1575882.0932,5171740.6994,6226,,
1575907.2822,5177240.0164,6227,,
1575909.7171,5185796.1478,6228,,
1575937.082,5186414.6449,6229,,
1575944.5134,5186401.4443,6230,,
1575949.3458,5181737.4639,6231,,
1575957.4349,5177245.8713,6232,,
1576023.5651,5175204.9318,6233,,
1576040.024,5175204.0132,6234,,
1576092.5512,5185106.2222,6235,,
1576099.632,5185118.3972,6236,,
1576117.3155,5183072.8006,6237,,
1576119.5701,5183054.8059,6238,,
1576123.4034,5181822.4008,6239,,
1576142.6428,5177198.9868,6240,,
1576143.1908,5177181.1524,6241,,
1576144.066,5184310.8425,6242,,
1576152.187,5181853.6663,6243,,
1576152.6382,5185670.8382,6244,,
1576170.4674,5185676.1655,6245,,
1576193.3248,5184330.6633,6246,,
1576257.5197,5183174.35,6247,,
1576288.6771,5185122.2642,6248,,
1576323.8951,5185112.5039,6249,,
1576325.2578,5186311.9583,6250,,
1576328.5045,5174302.9879,6251,,
1576330.1009,5186323.9031,6252,,
1576347.8646,5184219.1937,6253,,
1576353.2898,5174330.4186,6254,,
1576357.1177,5185578.8582,6255,,
1576373.8767,5175188.1378,6256,,
1576374.3891,5185591.0131,6257,,
1576376.1966,5184216.5389,6258,,
1576382.2213,5181984.7068,6259,,
1576383.8544,5181970.7856,6260,,
1576394.9516,5174201.0014,6261,,
1576402.96,5175179.1332,6262,,
1576432.0038,5174503.1956,6263,,
1576432.0947,5174479.6177,6264,,
1576450.9422,5183223.8627,6265,,
1576485.3043,5176536.4524,6266,,
1576485.3802,5176224.2387,6267,,
1576514.1643,5184160.6703,6268,,
1576528.4593,5183279.7743,6269,,
1576539.3048,5176604.5994,6270,,
1576550.0035,5184170.6573,6271,,
1576566.4729,5183645.9589,6272,,
1576572.6577,5177132.7759,6273,,
1576573.7061,5171974.0266,6274,,
1576575.6165,5185116.6162,6275,,
1576576.7854,5174783.6209,6276,,
1576579.877,5183639.02,6277,,
1576592.6912,5183894.6456,6278,,
1576594.653,5172000.6434,6279,,
1576596.9438,5174856.003,6280,,
1576597.0689,5177159.66,6281,,
1576601.8375,5186139.0954,6282,,
1576605.9437,5183889.6163,6283,,
1576606.2074,5186091.7994,6284,,
1576609.8595,5184058.629,6285,,
1576617.1172,5182119.5433,6286,,
1576619.3284,5182106.5903,6287,,
1576621.1187,5175194.0014,6288,,
1576627.1325,5184227.6325,6289,,
1576630.2546,5185582.9103,6290,,
1576631.6235,5175205.6105,6291,,
1576639.0887,5184204.8846,6292,,
1576645.3307,5175677.5782,6293,,
1576650.0959,5185595.7176,6294,,
1576655.8386,5175043.1238,6295,,
1576656.4338,5184500.296,6296,,
1576666.0438,5184466.4229,6297,,
1576666.9557,5175043.4401,6298,,
1576675.7449,5177247.9936,6299,,
1576680.8308,5184842.6319,6300,,
1576696.0179,5184860.8538,6301,,
1576710.9452,5184136.2658,6302,,
1576732.788,5172138.0964,6303,,
1576741.3058,5172165.1028,6304,,
1576754.7855,5185123.6231,6305,,
1576764.9312,5185133.7423,6306,,
1576833.8144,5177180.9715,6307,,
1576855.2642,5177387.8513,6308,,
1576857.3704,5177200.8881,6309,,
1576857.8827,5182242.5639,6310,,
1576875.5782,5182267.802,6311,,
1576885.3937,5177382.5131,6312,,
1576892.769,5184071.2897,6313,,
1576935.3248,5184020.5705,6314,,
1576948.917,5186363.0766,6315,,
1576965.7976,5186346.1423,6316,,
1577014.7476,5176351.4151,6317,,
1577031.4918,5176341.066,6318,,
1577040.3675,5176180.3693,6319,,
1577052.4044,5185130.4082,6320,,
1577065.0769,5185141.9015,6321,,
1577065.935,5176615.337,6322,,
1577066.9595,5177185.5922,6323,,
1577069.9756,5176162.9673,6324,,
1577077.2888,5176592.0308,6325,,
1577081.3045,5177194.8814,6326,,
1577088.3933,5183846.3304,6327,,
1577090.6972,5175914.573,6328,,
1577100.364,5176776.2037,6329,,
1577109.0304,5182402.7272,6330,,
1577112.3767,5183833.2959,6331,,
1577115.8074,5176787.6178,6332,,
1577116.7882,5175888.5738,6333,,
1577120.8179,5176267.6378,6334,,
1577123.6435,5185107.0616,6335,,
1577135.9561,5182392.9012,6336,,
1577135.9633,5185051.0297,6337,,
1577139.0374,5176314.8674,6338,,
1577175.6059,5184780.4131,6339,,
1577179.7611,5177140.1418,6340,,
1577190.3038,5184723.8227,6341,,
1577191.6324,5177435.4698,6342,,
1577193.0871,5176973.8517,6343,,
1577193.6027,5177040.8118,6344,,
1577203.6488,5177133.9591,6345,,
1577221.5779,5172184.8768,6346,,
1577229.2361,5177453.1005,6347,,
1577239.2273,5172232.8375,6348,,
1577246.2908,5183432.3148,6349,,
1577248.6338,5183475.8025,6350,,
1577250.2398,5185143.8736,6351,,
1577271.4857,5175738.2789,6352,,
1577272.2242,5175753.8965,6353,,
1577274.1072,5185132.9483,6354,,
1577287.7106,5182487.716,6355,,
1577307.2684,5185725.8601,6356,,
1577312.7222,5183083.8902,6357,,
1577320.4309,5183116.0679,6358,,
1577322.3612,5185749.1667,6359,,
1577330.1737,5182527.8518,6360,,
1577351.8301,5185492.042,6361,,
1577377.547,5185433.9891,6362,,
1577378.7197,5172406.2543,6363,,
1577400.2877,5175619.2901,6364,,
1577416.4305,5176291.0952,6365,,
1577418.1292,5185196.7921,6366,,
1577430.1438,5175642.3691,6367,,
1577431.5184,5176172.6442,6368,,
1577431.7858,5185185.1434,6369,,
1577443.2253,5184519.9374,6370,,
1577453.6531,5184542.4507,6371,,
1577463.1088,5176252.4141,6372,,
1577466.9675,5182843.5317,6373,,
1577473.7666,5176510.5659,6374,,
1577478.7432,5175814.3433,6375,,
1577480.0351,5172098.7777,6376,,
1577480.6155,5171966.8276,6377,,
1577481.875,5175865.3084,6378,,
1577484.0815,5176064.5476,6379,,
1577490.5504,5182840.19,6380,,
1577492.4997,5176513.9273,6381,,
1577492.8282,5176784.5386,6382,,
1577495.7759,5176695.4446,6383,,
1577580.5074,5171927.2802,6384,,
1577590.5172,5177196.5888,6385,,
1577601.8688,5182636.4675,6386,,
1577619.3238,5182654.9837,6387,,
1577630.3239,5177217.1567,6388,,
1577635.0696,5172215.8555,6389,,
1577645.6799,5172311.126,6390,,
1577697.2644,5184664.7055,6391,,
1577710.9146,5184654.5222,6392,,
1577742.7024,5182646.9858,6393,,
1577756.7094,5182649.8752,6394,,
1577800.5319,5182827.9151,6395,,
1577804.4107,5184482.7561,6396,,
1577825.3134,5182850.8084,6397,,
1577827.8511,5177014.0269,6398,,
1577831.5577,5184420.2526,6399,,
1577878.0165,5184194.0557,6400,,
1577922.8216,5184059.4436,6401,,
1577937.1546,5182686.7193,6402,,
1577995.8518,5182688.0888,6403,,
1578016.2655,5183634.7035,6404,,
1578074.7172,5183473.2696,6405,,
1578092.3337,5183358.847,6406,,
1578126.8028,5183289.8247,6407,,
1578127.277,5177154.5008,6408,,
1578130.368,5181795.52,6409,,
1578132.4897,5177118.7896,6410,,
1578143.3103,5182725.0525,6411,,
1578162.6298,5181759.0529,6412,,
1578169.8829,5182709.4128,6413,,
1578171.9557,5183072.0951,6414,,
1578180.4807,5182071.3548,6415,,
1578183.7446,5182086.7694,6416,,
1578204.1255,5183013.4157,6417,,
1578215.2714,5181628.8174,6418,,
1578218.2302,5182457.1647,6419,,
1578242.3594,5181604.8274,6420,,
1578244.0955,5182449.8851,6421,,
1578302.9297,5182162.5643,6422,,
1578314.1873,5181280.8319,6423,,
1578328.4806,5181279.3231,6424,,
1578332.6136,5182141.2589,6425,,
1578369.4981,5181107.6125,6426,,
1578376.7964,5177308.6388,6427,,
1578409.3538,5177291.2738,6428,,
1578415.8857,5181004.4539,6429,,
1578460.3731,5180823.0139,6430,,
1578480.3003,5180803.0981,6431,,
1578531.7021,5177139.902,6432,,
1578534.2045,5180587.0148,6433,,
1578564.2837,5180538.1668,6434,,
1578612.606,5177076.7003,6435,,
1578636.8955,5180269.4,6436,,
1578651.2289,5180264.7366,6437,,
1578710.2697,5176951.579,6438,,
1578713.7821,5180031.8426,6439,,
1578716.6275,5176966.3813,6440,,
1578725.5657,5180033.5458,6441,,
1578742.1665,5169923.3175,6442,,
1578776.6115,5179835.5208,6443,,
1578792.2372,5179825.5748,6444,,
1578849.8598,5179605.9244,6445,,
1578864.9025,5179598.7417,6446,,
1578894.3074,5179466.5951,6447,,
1578914.8805,5176755.8365,6448,,
1578922.85,5179415.8081,6449,,
1578937.8229,5176710.2294,6450,,
1579091.5505,5179340.0481,6451,,
1579113.2598,5179363.427,6452,,
1579129.8552,5176404.8242,6453,,
1579148.3118,5176406.3365,6454,,
1579231.863,5179178.5578,6455,,
1579262.3641,5179128.0975,6456,,
1579306.5745,5178951.815,6457,,
1579332.3608,5178870.9095,6458,,
1579374.2328,5176254.0375,6459,,
1579415.3628,5178562.262,6460,,
1579428.7892,5178559.5932,6461,,
1579457.6939,5176267.4651,6462,,
1579527.2297,5178261.0869,6463,,
1579547.773,5178239.6038,6464,,
1579591.755,5176268.4515,6465,,
1579649.8904,5177963.9851,6466,,
1579655.2541,5177915.9234,6467,,
1579734.0337,5177664.8325,6468,,
1579760.7663,5177615.0249,6469,,
1579773.6497,5177529.1698,6470,,
1579835.3683,5177359.411,6471,,
1579885.5285,5176528.2087,6472,,
1579915.2033,5176505.3969,6473,,
1580235.3292,5176339.5899,6474,,
1580291.2188,5176290.9876,6475,,
1580304.3242,5174788.9998,6476,,
1580320.2924,5174841.9448,6477,,
1580336.0288,5174982.3937,6478,,
1580350.2367,5174544.8454,6479,,
1580353.9361,5176207.6651,6480,,
1580429.9926,5176154.7782,6481,,
1580432.9123,5175034.209,6482,,
1580473.9908,5175024.1222,6483,,
1580536.4716,5175958.6997,6484,,
1580555.5403,5176021.7817,6485,,
1580656.1123,5175811.0798,6486,,
1580668.9258,5175817.2806,6487,,
1580680.9726,5175133.2273,6488,,
1580681.5104,5175111.883,6489,,
1580816.4585,5175681.5216,6490,,
1580839.2789,5175681.3091,6491,,
1580863.2174,5175246.4425,6492,,
1580874.771,5175218.4327,6493,,
1581002.4613,5175531.5526,6494,,
1581017.7517,5175535.5386,6495,,
1581072.3949,5175234.4415,6496,,
1581084.4393,5175272.6136,6497,,
1581152.3222,5175410.2752,6498,,
1581169.4887,5175413.2109,6499,,
1570243.0208,5180069.9331,6500,,
